Timestamp,Alpha_L,Beta_L,Gamma_L,Alpha_R,Beta_R,Gamma_R,AlphaL_rel,BetaL_rel,GammaL_rel,AlphaR_rel,BetaR_rel,GammaR_rel,Marker
2025-11-06T19:10:21,1159.374,160.415,167.115,0.004,0.001,0.002,0.780,0.108,0.112,0.563,0.150,0.287,
2025-11-06T19:10:22,1085.999,479.849,112.674,0.003,0.002,0.003,0.647,0.286,0.067,0.334,0.322,0.344,
2025-11-06T19:10:23,5168.149,1246.150,552.497,0.008,0.005,0.004,0.742,0.179,0.079,0.442,0.308,0.250,
2025-11-06T19:10:24,601.160,567.290,151.020,0.001,0.003,0.002,0.456,0.430,0.114,0.175,0.510,0.315,
2025-11-06T19:10:25,4002.037,1091.843,126.500,0.005,0.004,0.002,0.767,0.209,0.024,0.484,0.326,0.190,
2025-11-06T19:10:26,94538.719,29838.062,1010.769,0.010,0.025,0.008,0.754,0.238,0.008,0.230,0.576,0.194,
2025-11-06T19:10:27,41690.783,11346.651,518.022,0.017,0.014,0.008,0.778,0.212,0.010,0.438,0.364,0.197,
2025-11-06T19:10:28,20688.928,11369.542,2094.550,0.007,0.018,0.017,0.606,0.333,0.061,0.166,0.434,0.400,
2025-11-06T19:10:29,154610.153,38277.485,3873.255,0.239,0.155,0.030,0.786,0.195,0.020,0.564,0.366,0.070,
2025-11-06T19:10:30,8211.096,1016.894,144.281,0.003,0.004,0.002,0.876,0.109,0.015,0.340,0.450,0.211,
2025-11-06T19:10:31,2987.112,2231.165,474.981,0.001,0.005,0.004,0.525,0.392,0.083,0.132,0.448,0.420,
2025-11-06T19:10:32,3005.639,1063.420,297.943,0.001,0.003,0.003,0.688,0.244,0.068,0.175,0.393,0.432,
2025-11-06T19:10:33,218780.722,50270.377,2706.743,0.115,0.074,0.022,0.805,0.185,0.010,0.543,0.351,0.106,
2025-11-06T19:10:34,3317.963,1375.098,316.852,0.002,0.003,0.003,0.662,0.274,0.063,0.224,0.406,0.370,
2025-11-06T19:10:35,1813.840,301.009,127.180,0.001,0.003,0.002,0.809,0.134,0.057,0.185,0.518,0.298,
2025-11-06T19:10:36,2115.349,331.330,183.255,0.002,0.002,0.003,0.804,0.126,0.070,0.334,0.255,0.412,
2025-11-06T19:10:37,28104.992,8052.016,4125.686,0.016,0.014,0.040,0.698,0.200,0.102,0.228,0.205,0.566,
2025-11-06T19:10:38,1475209.303,505211.175,45224.863,0.741,0.753,0.192,0.728,0.249,0.022,0.440,0.446,0.114,
2025-11-06T19:10:39,53926.898,10079.448,1120.744,0.029,0.014,0.010,0.828,0.155,0.017,0.550,0.262,0.187,
2025-11-06T19:10:40,15244.528,3469.289,599.558,0.009,0.006,0.006,0.789,0.180,0.031,0.433,0.294,0.273,
2025-11-06T19:10:41,508827.557,398843.174,48101.610,0.134,1.020,0.342,0.532,0.417,0.050,0.090,0.682,0.229,
2025-11-06T19:10:42,35101.954,1226.305,443.732,0.031,0.027,0.011,0.955,0.033,0.012,0.456,0.388,0.156,
2025-11-06T19:10:43,5924.485,2259.728,289.107,0.011,0.010,0.004,0.699,0.267,0.034,0.416,0.411,0.173,
2025-11-06T19:10:44,7619.349,2471.504,269.065,0.008,0.003,0.003,0.735,0.239,0.026,0.583,0.206,0.212,
2025-11-06T19:10:45,2152.313,972.497,194.608,0.003,0.002,0.003,0.648,0.293,0.059,0.318,0.289,0.393,
2025-11-06T19:10:46,27007.548,40485.475,13916.655,0.017,0.076,0.090,0.332,0.497,0.171,0.093,0.417,0.490,
2025-11-06T19:10:47,189.124,261.634,166.498,0.001,0.002,0.001,0.306,0.424,0.270,0.151,0.486,0.364,
2025-11-06T19:10:48,474.249,163.159,205.350,0.001,0.001,0.003,0.563,0.194,0.244,0.119,0.279,0.602,
2025-11-06T19:10:49,597.198,240.166,120.263,0.001,0.004,0.002,0.624,0.251,0.126,0.176,0.533,0.291,
2025-11-06T19:10:50,239.734,259.284,137.076,0.001,0.002,0.001,0.377,0.408,0.215,0.188,0.516,0.296,
2025-11-06T19:10:51,9074.341,1230.423,144.810,0.011,0.004,0.002,0.868,0.118,0.014,0.629,0.253,0.117,
2025-11-06T19:10:52,3374.520,732.910,132.553,0.006,0.006,0.003,0.796,0.173,0.031,0.410,0.399,0.192,
2025-11-06T19:10:53,1654.106,1604.061,130.671,0.002,0.003,0.002,0.488,0.473,0.039,0.268,0.436,0.296,
2025-11-06T19:10:54,846.485,337.540,109.591,0.001,0.001,0.002,0.654,0.261,0.085,0.187,0.327,0.486,
2025-11-06T19:10:55,3782.412,537.509,212.162,0.003,0.004,0.003,0.835,0.119,0.047,0.312,0.387,0.301,
2025-11-06T19:10:56,811.338,415.151,112.460,0.002,0.003,0.003,0.606,0.310,0.084,0.294,0.320,0.385,
2025-11-06T19:10:57,283.787,253.528,127.145,0.001,0.002,0.003,0.427,0.382,0.191,0.164,0.318,0.518,
2025-11-06T19:10:58,445.542,142.596,163.218,0.001,0.001,0.002,0.593,0.190,0.217,0.166,0.378,0.456,
2025-11-06T19:10:59,3446.471,768.122,136.768,0.003,0.003,0.002,0.792,0.177,0.031,0.399,0.362,0.239,
2025-11-06T19:11:00,22925.303,2141.560,324.219,0.029,0.011,0.004,0.903,0.084,0.013,0.661,0.249,0.090,
2025-11-06T19:11:01,946.761,205.161,163.518,0.001,0.002,0.003,0.720,0.156,0.124,0.228,0.304,0.468,
2025-11-06T19:11:02,1840.391,1509.657,116.636,0.004,0.006,0.002,0.531,0.435,0.034,0.369,0.475,0.156,
2025-11-06T19:11:03,2316.524,427.825,162.262,0.004,0.003,0.002,0.797,0.147,0.056,0.435,0.391,0.175,
2025-11-06T19:11:04,1915.936,565.284,194.116,0.001,0.003,0.002,0.716,0.211,0.073,0.189,0.443,0.368,
2025-11-06T19:11:05,10055.860,1475.880,296.485,0.008,0.007,0.005,0.850,0.125,0.025,0.428,0.340,0.232,
2025-11-06T19:11:06,4805.469,1939.595,211.165,0.006,0.005,0.003,0.691,0.279,0.030,0.430,0.374,0.195,
2025-11-06T19:11:07,6077.369,958.422,180.370,0.013,0.008,0.004,0.842,0.133,0.025,0.517,0.324,0.159,
2025-11-06T19:11:08,11099.473,5800.424,7124.154,0.039,0.111,0.295,0.462,0.241,0.297,0.088,0.249,0.662,
2025-11-06T19:11:09,1619.895,339.441,146.570,0.005,0.005,0.002,0.769,0.161,0.070,0.393,0.400,0.207,
2025-11-06T19:11:10,341926.661,62935.600,7129.391,0.164,0.128,0.069,0.830,0.153,0.017,0.454,0.355,0.192,
2025-11-06T19:11:11,25576487.704,5957289.408,921507.961,18.523,14.949,8.917,0.788,0.184,0.028,0.437,0.353,0.210,
2025-11-06T19:11:12,9149293.667,10477012.659,542245.207,5.399,22.829,5.579,0.454,0.519,0.027,0.160,0.675,0.165,
2025-11-06T19:11:13,10617135.831,4375264.023,298196.048,6.828,11.716,2.919,0.694,0.286,0.020,0.318,0.546,0.136,
2025-11-06T19:11:14,17127.225,2109.455,116.688,0.010,0.005,0.002,0.885,0.109,0.006,0.553,0.311,0.136,EVENT_1
2025-11-06T19:11:16,3898.718,1032.653,218.378,0.002,0.004,0.003,0.757,0.201,0.042,0.224,0.451,0.325,
2025-11-06T19:11:17,7008.476,1407.614,189.052,0.027,0.012,0.007,0.814,0.164,0.022,0.589,0.258,0.152,
2025-11-06T19:11:18,1470.704,768.695,138.198,0.001,0.002,0.003,0.619,0.323,0.058,0.179,0.342,0.479,
2025-11-06T19:11:19,1003.671,914.161,126.410,0.001,0.004,0.004,0.491,0.447,0.062,0.080,0.464,0.457,
2025-11-06T19:11:20,6070.324,438.753,171.500,0.001,0.002,0.002,0.909,0.066,0.026,0.231,0.457,0.311,
2025-11-06T19:11:21,951.472,565.852,79.388,0.001,0.002,0.002,0.596,0.354,0.050,0.144,0.410,0.446,
2025-11-06T19:11:22,375.154,344.244,101.520,0.001,0.002,0.002,0.457,0.419,0.124,0.197,0.400,0.402,
2025-11-06T19:11:23,205.433,284.629,104.876,0.001,0.002,0.003,0.345,0.478,0.176,0.104,0.357,0.539,
2025-11-06T19:11:24,871.530,400.383,102.356,0.001,0.002,0.002,0.634,0.291,0.074,0.145,0.380,0.475,
2025-11-06T19:11:25,2104.198,479.277,106.513,0.001,0.002,0.004,0.782,0.178,0.040,0.104,0.266,0.630,
2025-11-06T19:11:26,3472.311,407.591,150.066,0.002,0.002,0.003,0.862,0.101,0.037,0.233,0.340,0.427,
2025-11-06T19:11:27,798.722,215.879,127.911,0.002,0.003,0.002,0.699,0.189,0.112,0.274,0.428,0.298,
2025-11-06T19:11:28,4784.582,966.400,183.072,0.002,0.002,0.002,0.806,0.163,0.031,0.363,0.287,0.350,
2025-11-06T19:11:29,1275.103,169.871,124.695,0.002,0.002,0.002,0.812,0.108,0.079,0.332,0.338,0.330,
2025-11-06T19:11:30,87779.253,5569.554,212.387,0.075,0.030,0.014,0.938,0.060,0.002,0.629,0.250,0.122,
2025-11-06T19:11:31,63350.516,4809.860,257.185,0.054,0.046,0.008,0.926,0.070,0.004,0.502,0.426,0.072,
2025-11-06T19:11:32,4870.769,2184.220,112.477,0.009,0.008,0.003,0.680,0.305,0.016,0.441,0.424,0.135,
2025-11-06T19:11:33,26725.295,10740.334,355.471,0.048,0.044,0.006,0.707,0.284,0.009,0.489,0.452,0.059,
2025-11-06T19:11:34,2587.968,1007.238,174.064,0.009,0.005,0.004,0.687,0.267,0.046,0.509,0.277,0.214,
2025-11-06T19:11:35,8240.856,288.491,124.502,0.007,0.003,0.003,0.952,0.033,0.014,0.510,0.250,0.240,
2025-11-06T19:11:36,8231.041,2153.822,155.955,0.009,0.008,0.004,0.781,0.204,0.015,0.422,0.386,0.192,
2025-11-06T19:11:37,3054.361,579.296,110.941,0.006,0.004,0.004,0.816,0.155,0.030,0.438,0.286,0.275,
2025-11-06T19:11:38,3927.787,668.322,175.976,0.008,0.010,0.006,0.823,0.140,0.037,0.332,0.429,0.239,
2025-11-06T19:11:39,2202.318,289.717,93.983,0.004,0.003,0.003,0.852,0.112,0.036,0.387,0.287,0.326,
2025-11-06T19:11:40,25953.361,7949.649,1358.458,0.074,0.021,0.010,0.736,0.225,0.039,0.698,0.203,0.099,
2025-11-06T19:11:41,13211.611,2233.577,193.662,0.014,0.007,0.006,0.845,0.143,0.012,0.516,0.268,0.216,
2025-11-06T19:11:42,25769.950,8933.493,1086.690,0.154,0.027,0.016,0.720,0.250,0.030,0.784,0.136,0.080,EVENT_2
2025-11-06T19:11:43,14563486.202,6066992.911,405077.675,11.822,21.445,4.924,0.692,0.288,0.019,0.310,0.562,0.129,
2025-11-06T19:11:44,172038.279,39210.436,5043.116,0.242,0.355,0.092,0.795,0.181,0.023,0.351,0.515,0.134,
2025-11-06T19:11:45,4377.483,5824.175,4016.939,0.009,0.043,0.044,0.308,0.410,0.283,0.092,0.448,0.460,
2025-11-06T19:11:46,3461.390,1161.257,134.128,0.008,0.006,0.004,0.728,0.244,0.028,0.457,0.342,0.201,
2025-11-06T19:11:47,1372.210,1927.453,528.263,0.004,0.010,0.008,0.358,0.504,0.138,0.185,0.451,0.364,
2025-11-06T19:11:48,2583.215,832.214,126.479,0.008,0.007,0.004,0.729,0.235,0.036,0.426,0.376,0.197,
2025-11-06T19:11:49,1749665.668,395457.067,26083.813,1.807,1.415,0.345,0.806,0.182,0.012,0.507,0.397,0.097,
2025-11-06T19:11:50,777935.514,82619.537,14066.286,1.019,0.502,0.202,0.889,0.094,0.016,0.591,0.291,0.117,
2025-11-06T19:11:51,240849.356,27033.727,3363.716,0.143,0.105,0.052,0.888,0.100,0.012,0.477,0.351,0.172,
2025-11-06T19:11:52,1473685.337,329528.729,69313.128,1.512,1.634,0.974,0.787,0.176,0.037,0.367,0.397,0.236,
2025-11-06T19:11:53,432932.179,73250.241,11923.396,0.431,0.321,0.154,0.836,0.141,0.023,0.475,0.355,0.170,
2025-11-06T19:11:54,5943.235,1120.197,190.843,0.007,0.003,0.003,0.819,0.154,0.026,0.527,0.258,0.215,
2025-11-06T19:11:55,4351455.602,288863.824,10385.023,8.495,1.519,0.334,0.936,0.062,0.002,0.821,0.147,0.032,
2025-11-06T19:11:56,820.835,519.488,94.678,0.002,0.002,0.003,0.572,0.362,0.066,0.268,0.306,0.426,
2025-11-06T19:11:57,3396.152,2470.706,177.811,0.003,0.006,0.003,0.562,0.409,0.029,0.248,0.499,0.253,
2025-11-06T19:11:58,6233363.358,334924.829,39507.698,4.646,0.652,0.403,0.943,0.051,0.006,0.815,0.114,0.071,
2025-11-06T19:11:59,1886553.693,259287.782,14539.082,1.645,0.661,0.149,0.873,0.120,0.007,0.670,0.269,0.061,
2025-11-06T19:12:00,2600921.896,255673.767,10282.356,1.861,0.546,0.110,0.907,0.089,0.004,0.740,0.217,0.044,
2025-11-06T19:12:01,8221778.492,613854.909,58754.343,6.724,1.772,0.576,0.924,0.069,0.007,0.741,0.195,0.063,
2025-11-06T19:12:02,2507597.084,92075.520,25600.591,1.638,0.246,0.266,0.955,0.035,0.010,0.762,0.114,0.124,
2025-11-06T19:12:03,2104520.482,631446.983,36768.713,1.670,1.288,0.413,0.759,0.228,0.013,0.495,0.382,0.122,
2025-11-06T19:12:04,101949.625,7260.662,448.042,0.131,0.034,0.011,0.930,0.066,0.004,0.744,0.193,0.063,
2025-11-06T19:12:05,2022645.721,321406.071,9164.961,3.019,1.770,0.165,0.860,0.137,0.004,0.609,0.357,0.033,
2025-11-06T19:12:06,22040.762,1373.735,187.609,0.065,0.014,0.007,0.934,0.058,0.008,0.756,0.168,0.076,
2025-11-06T19:12:07,268.701,154.940,78.684,0.001,0.003,0.006,0.535,0.308,0.157,0.133,0.261,0.606,
2025-11-06T19:12:08,841.185,193.628,147.634,0.006,0.004,0.004,0.711,0.164,0.125,0.412,0.280,0.307,
2025-11-06T19:12:09,243.699,263.455,205.430,0.001,0.003,0.005,0.342,0.370,0.288,0.086,0.349,0.566,
2025-11-06T19:12:10,162.471,148.689,134.365,0.001,0.004,0.002,0.365,0.334,0.302,0.164,0.510,0.325,
2025-11-06T19:12:11,323.537,181.662,86.216,0.001,0.004,0.003,0.547,0.307,0.146,0.161,0.490,0.349,
2025-11-06T19:12:12,297.043,157.366,185.446,0.001,0.002,0.006,0.464,0.246,0.290,0.111,0.246,0.644,
2025-11-06T19:12:13,172.363,208.754,122.338,0.001,0.003,0.005,0.342,0.415,0.243,0.116,0.322,0.561,
2025-11-06T19:12:14,427.464,204.030,126.767,0.001,0.002,0.003,0.564,0.269,0.167,0.176,0.342,0.482,
2025-11-06T19:12:15,667.898,164.734,111.791,0.002,0.002,0.004,0.707,0.174,0.118,0.278,0.251,0.472,
2025-11-06T19:12:16,1596.012,551.210,126.004,0.005,0.004,0.003,0.702,0.242,0.055,0.409,0.338,0.253,
2025-11-06T19:12:17,53400.545,9203.591,311.560,0.133,0.065,0.013,0.849,0.146,0.005,0.631,0.307,0.062,
2025-11-06T19:12:18,544257.196,80811.544,4725.257,0.802,0.462,0.124,0.864,0.128,0.008,0.578,0.333,0.089,
2025-11-06T19:12:19,544191.437,44945.048,969.205,1.055,0.416,0.080,0.922,0.076,0.002,0.680,0.268,0.052,
2025-11-06T19:12:20,24629772.158,6651178.807,114419.831,42.040,26.761,2.068,0.785,0.212,0.004,0.593,0.378,0.029,
2025-11-06T19:12:21,814808.140,139014.964,16410.339,1.147,0.896,0.325,0.840,0.143,0.017,0.484,0.378,0.137,
2025-11-06T19:12:22,1183562.255,459053.233,26147.996,4.273,3.827,1.719,0.709,0.275,0.016,0.435,0.390,0.175,
2025-11-06T19:12:23,7802.706,1473.106,189.049,0.007,0.011,0.002,0.824,0.156,0.020,0.326,0.561,0.113,
2025-11-06T19:12:24,1793.781,541.193,104.551,0.002,0.012,0.005,0.735,0.222,0.043,0.098,0.652,0.251,
2025-11-06T19:12:25,2809.211,618.304,132.558,0.017,0.010,0.005,0.789,0.174,0.037,0.532,0.304,0.164,
2025-11-06T19:12:26,27747.063,15055.387,854.953,0.152,0.259,0.064,0.636,0.345,0.020,0.320,0.545,0.135,
2025-11-06T19:12:27,185.053,366.739,131.501,0.001,0.003,0.003,0.271,0.537,0.192,0.162,0.450,0.387,
2025-11-06T19:12:28,819.861,287.017,138.832,0.003,0.005,0.001,0.658,0.230,0.111,0.359,0.486,0.155,
2025-11-06T19:12:29,2613.099,212.606,116.868,0.002,0.003,0.003,0.888,0.072,0.040,0.246,0.362,0.392,
2025-11-06T19:12:30,412.427,500.624,1203.805,0.003,0.003,0.004,0.195,0.236,0.569,0.280,0.318,0.401,
2025-11-06T19:12:31,85.788,213.318,73.017,0.001,0.002,0.004,0.231,0.573,0.196,0.105,0.341,0.554,
2025-11-06T19:12:32,1434.638,701.295,152.045,0.005,0.004,0.003,0.627,0.307,0.066,0.412,0.329,0.259,
2025-11-06T19:12:33,77878.746,13841.341,629.882,0.039,0.082,0.013,0.843,0.150,0.007,0.290,0.615,0.095,
2025-11-06T19:12:34,84366.057,43002.420,2869.104,0.341,0.499,0.098,0.648,0.330,0.022,0.363,0.532,0.105,
2025-11-06T19:12:35,12934.338,2484.545,358.038,0.047,0.019,0.006,0.820,0.157,0.023,0.650,0.265,0.086,
2025-11-06T19:12:36,703.406,868.461,183.828,0.004,0.006,0.004,0.401,0.495,0.105,0.268,0.464,0.268,
2025-11-06T19:12:37,332.722,277.680,124.618,0.001,0.005,0.005,0.453,0.378,0.170,0.096,0.472,0.432,
2025-11-06T19:12:38,7279.377,1466.263,261.318,0.015,0.015,0.007,0.808,0.163,0.029,0.407,0.410,0.182,
2025-11-06T19:12:39,22333.453,6541.849,259.850,0.020,0.021,0.004,0.767,0.225,0.009,0.453,0.463,0.084,
2025-11-06T19:12:40,3328516.715,1020394.016,83507.498,3.248,1.716,2.104,0.751,0.230,0.019,0.460,0.243,0.298,
2025-11-06T19:12:41,56709547.755,10605679.954,515796.126,67.626,34.781,19.478,0.836,0.156,0.008,0.555,0.285,0.160,
2025-11-06T19:12:42,36552646.574,2491640.951,199340.851,25.186,2.719,1.509,0.931,0.063,0.005,0.856,0.092,0.051,
2025-11-06T19:12:43,58049812.475,6693812.693,343889.245,32.537,6.773,1.918,0.892,0.103,0.005,0.789,0.164,0.047,
2025-11-06T19:12:44,63365092.654,4203039.628,380055.239,47.862,14.045,4.941,0.933,0.062,0.006,0.716,0.210,0.074,
2025-11-06T19:12:45,663425.519,192631.894,9966.877,1.584,1.264,0.117,0.766,0.222,0.012,0.534,0.426,0.039,
2025-11-06T19:12:46,2992644.879,1100122.320,135707.352,4.933,9.121,8.208,0.708,0.260,0.032,0.222,0.410,0.369,
2025-11-06T19:12:47,317115.803,246426.996,58435.081,2.197,1.999,1.525,0.510,0.396,0.094,0.384,0.349,0.267,
2025-11-06T19:12:48,754217.116,239614.621,21021.286,3.170,2.498,0.313,0.743,0.236,0.021,0.530,0.418,0.052,
2025-11-06T19:12:49,895539.146,213668.834,10833.776,0.982,0.464,0.100,0.800,0.191,0.010,0.635,0.300,0.065,
2025-11-06T19:12:50,161093.957,53406.475,3356.670,0.558,0.535,0.093,0.739,0.245,0.015,0.470,0.451,0.079,
2025-11-06T19:12:51,8946.220,3384.131,319.869,0.067,0.078,0.010,0.707,0.268,0.025,0.429,0.504,0.067,
2025-11-06T19:12:52,19879393.943,16224129.479,1801962.067,28.534,41.083,18.079,0.524,0.428,0.048,0.325,0.468,0.206,
2025-11-06T19:12:53,96966529.843,38629941.725,3726416.334,87.659,128.493,58.377,0.696,0.277,0.027,0.319,0.468,0.213,
2025-11-06T19:12:54,1960.559,488.226,165.171,0.003,0.005,0.004,0.750,0.187,0.063,0.236,0.440,0.324,
2025-11-06T19:12:55,13524.171,2804.806,425.282,0.015,0.014,0.006,0.807,0.167,0.025,0.425,0.405,0.170,
2025-11-06T19:12:56,8976.185,2282.632,215.550,0.009,0.007,0.004,0.782,0.199,0.019,0.437,0.343,0.219,
2025-11-06T19:12:57,6397.205,1766.243,171.600,0.014,0.024,0.005,0.768,0.212,0.021,0.336,0.547,0.116,
2025-11-06T19:12:58,679.168,283.187,126.420,0.002,0.004,0.003,0.624,0.260,0.116,0.240,0.410,0.350,
2025-11-06T19:12:59,79345.258,32201.638,333.688,0.248,0.213,0.010,0.709,0.288,0.003,0.528,0.452,0.020,
2025-11-06T19:13:00,1058365.132,420914.368,62482.337,2.516,0.984,0.153,0.686,0.273,0.041,0.689,0.269,0.042,
2025-11-06T19:13:01,50852578.813,13202356.424,1170028.022,74.162,81.441,15.954,0.780,0.202,0.018,0.432,0.475,0.093,
2025-11-06T19:13:02,1118849.752,293674.131,7923.697,1.313,1.259,0.357,0.788,0.207,0.006,0.448,0.430,0.122,
2025-11-06T19:13:03,6768252.607,972726.444,67499.777,7.882,1.494,0.837,0.867,0.125,0.009,0.772,0.146,0.082,
2025-11-06T19:13:04,805904.902,336960.965,13158.537,2.841,0.896,0.314,0.697,0.291,0.011,0.701,0.221,0.078,
2025-11-06T19:13:05,85504.088,21603.338,2651.103,0.112,0.271,0.068,0.779,0.197,0.024,0.247,0.601,0.151,
2025-11-06T19:13:06,41187.371,19473.827,1069.108,0.069,0.145,0.050,0.667,0.315,0.017,0.263,0.547,0.190,
2025-11-06T19:13:07,23430.138,3714.194,264.613,0.030,0.015,0.009,0.855,0.136,0.010,0.550,0.279,0.171,
2025-11-06T19:13:08,176017.371,64995.385,3192.215,4.100,4.716,0.284,0.721,0.266,0.013,0.451,0.518,0.031,
2025-11-06T19:13:09,10052.221,3854.170,126.747,0.023,0.030,0.003,0.716,0.275,0.009,0.413,0.532,0.055,
2025-11-06T19:13:10,1903.099,978.876,202.942,0.004,0.006,0.005,0.617,0.317,0.066,0.253,0.434,0.313,
2025-11-06T19:13:11,10849.105,1923.964,389.504,0.019,0.017,0.015,0.824,0.146,0.030,0.376,0.333,0.292,
2025-11-06T19:13:13,40336.748,13533.073,812.324,0.189,0.178,0.041,0.738,0.247,0.015,0.464,0.437,0.099,
2025-11-06T19:13:14,44246.822,8934.629,285.071,0.052,0.035,0.004,0.828,0.167,0.005,0.572,0.381,0.047,
2025-11-06T19:13:15,634.452,289.567,131.257,0.001,0.004,0.002,0.601,0.274,0.124,0.141,0.549,0.310,
2025-11-06T19:13:16,128599.652,39126.775,3866.876,0.160,0.123,0.058,0.749,0.228,0.023,0.468,0.361,0.170,
2025-11-06T19:13:17,240507.665,26786.615,9176.652,0.710,0.317,0.030,0.870,0.097,0.033,0.671,0.300,0.029,
2025-11-06T19:13:18,302392.502,143532.322,4924.679,0.249,0.265,0.078,0.671,0.318,0.011,0.420,0.448,0.132,
2025-11-06T19:13:19,66861.047,20951.346,301.221,0.127,0.097,0.007,0.759,0.238,0.003,0.549,0.420,0.032,
2025-11-06T19:13:20,86312.896,37742.732,444.462,0.170,0.093,0.007,0.693,0.303,0.004,0.632,0.343,0.025,
2025-11-06T19:13:21,2036.365,716.022,112.704,0.007,0.005,0.004,0.711,0.250,0.039,0.469,0.298,0.233,
2025-11-06T19:13:22,858.814,338.650,112.935,0.002,0.003,0.003,0.655,0.258,0.086,0.291,0.316,0.392,
2025-11-06T19:13:23,1347.884,482.017,102.431,0.006,0.004,0.002,0.698,0.249,0.053,0.497,0.311,0.192,
2025-11-06T19:13:24,708.441,128.956,122.903,0.003,0.002,0.002,0.738,0.134,0.128,0.382,0.280,0.338,
2025-11-06T19:13:25,61718.220,2874.444,762.829,0.030,0.029,0.009,0.944,0.044,0.012,0.442,0.429,0.129,
2025-11-06T19:13:26,862.453,304.278,146.098,0.002,0.005,0.003,0.657,0.232,0.111,0.155,0.557,0.288,
2025-11-06T19:13:27,193.673,211.443,159.366,0.001,0.003,0.003,0.343,0.375,0.282,0.123,0.464,0.413,
2025-11-06T19:13:28,29878.836,4521.588,536.373,0.061,0.033,0.015,0.855,0.129,0.015,0.560,0.304,0.136,
2025-11-06T19:13:29,16215.441,6233.227,249.154,0.121,0.047,0.011,0.714,0.275,0.011,0.676,0.264,0.060,
2025-11-06T19:13:30,126208.863,21427.736,1061.245,0.409,0.094,0.038,0.849,0.144,0.007,0.756,0.174,0.070,
2025-11-06T19:13:31,13271.352,4225.430,200.387,0.021,0.045,0.008,0.750,0.239,0.011,0.281,0.617,0.102,
2025-11-06T19:13:32,1944.122,597.465,104.026,0.012,0.003,0.004,0.735,0.226,0.039,0.626,0.166,0.208,
2025-11-06T19:13:33,11989.186,7810.229,2798.823,0.010,0.027,0.026,0.531,0.346,0.124,0.160,0.424,0.416,
2025-11-06T19:13:34,255474.687,10132.471,1300.363,0.124,0.224,0.033,0.957,0.038,0.005,0.325,0.589,0.086,
2025-11-06T19:13:35,27638.106,3378.668,328.748,0.022,0.013,0.006,0.882,0.108,0.010,0.537,0.316,0.148,
2025-11-06T19:13:36,255.477,277.251,166.180,0.001,0.002,0.002,0.366,0.397,0.238,0.203,0.450,0.347,
2025-11-06T19:13:37,557.576,1149.190,6305.595,0.013,0.035,0.162,0.070,0.143,0.787,0.061,0.167,0.772,
2025-11-06T19:13:38,223.294,207.549,135.702,0.001,0.002,0.002,0.394,0.366,0.240,0.264,0.352,0.384,
2025-11-06T19:13:39,382.161,458.635,182.401,0.001,0.002,0.002,0.373,0.448,0.178,0.149,0.405,0.445,
2025-11-06T19:13:40,135.973,261.095,70.743,0.000,0.001,0.002,0.291,0.558,0.151,0.106,0.406,0.488,
2025-11-06T19:13:41,182.896,141.730,140.701,0.000,0.002,0.002,0.393,0.305,0.302,0.106,0.445,0.449,
2025-11-06T19:13:42,207.988,217.876,150.047,0.000,0.002,0.002,0.361,0.378,0.261,0.104,0.468,0.428,
2025-11-06T19:13:43,175.228,222.205,166.008,0.001,0.003,0.002,0.311,0.394,0.295,0.157,0.468,0.374,
2025-11-06T19:13:44,79.060,172.433,134.526,0.001,0.002,0.002,0.205,0.447,0.348,0.125,0.427,0.448,
2025-11-06T19:13:45,152.601,353.298,95.366,0.001,0.002,0.001,0.254,0.588,0.159,0.274,0.447,0.279,
2025-11-06T19:13:46,406.343,283.092,129.459,0.000,0.002,0.002,0.496,0.346,0.158,0.095,0.438,0.466,
2025-11-06T19:13:47,7587.222,3284.148,310.698,0.018,0.007,0.006,0.679,0.294,0.028,0.585,0.239,0.176,
2025-11-06T19:13:48,16841.033,5304.249,379.735,0.037,0.021,0.009,0.748,0.235,0.017,0.563,0.308,0.129,
2025-11-06T19:13:49,363315.419,83621.803,3321.219,0.287,0.196,0.030,0.807,0.186,0.007,0.560,0.382,0.058,
2025-11-06T19:13:50,11487.583,3509.558,177.495,0.007,0.013,0.004,0.757,0.231,0.012,0.299,0.541,0.160,
2025-11-06T19:13:51,574.917,361.421,224.363,0.001,0.002,0.003,0.495,0.311,0.193,0.120,0.360,0.520,EVENT_3
2025-11-06T19:13:53,944.182,636.721,192.796,0.002,0.003,0.003,0.532,0.359,0.109,0.209,0.386,0.405,
2025-11-06T19:13:54,3470.539,4294.548,282.276,0.003,0.009,0.003,0.431,0.534,0.035,0.167,0.608,0.226,
2025-11-06T19:13:55,2811.582,3714.435,9920.745,0.011,0.060,0.233,0.171,0.226,0.603,0.036,0.197,0.767,
2025-11-06T19:13:56,5436.555,1199.381,126.195,0.003,0.004,0.002,0.804,0.177,0.019,0.330,0.412,0.258,
2025-11-06T19:13:57,963.945,425.414,106.488,0.002,0.004,0.002,0.644,0.284,0.071,0.227,0.481,0.292,
2025-11-06T19:13:58,229998.414,31535.144,1064.224,0.244,0.101,0.025,0.876,0.120,0.004,0.661,0.273,0.067,
2025-11-06T19:13:59,3284.612,553.697,129.910,0.005,0.002,0.002,0.828,0.140,0.033,0.536,0.241,0.223,
2025-11-06T19:14:00,182.076,267.068,158.425,0.001,0.001,0.002,0.300,0.440,0.261,0.176,0.330,0.494,
2025-11-06T19:14:01,129071.507,17863.928,750.019,0.255,0.231,0.028,0.874,0.121,0.005,0.496,0.450,0.054,
2025-11-06T19:14:02,2556.380,3032.196,156.493,0.006,0.022,0.004,0.445,0.528,0.027,0.181,0.700,0.119,
2025-11-06T19:14:03,4577.680,795.023,283.468,0.006,0.005,0.005,0.809,0.141,0.050,0.380,0.327,0.294,
2025-11-06T19:14:04,404.385,217.247,165.920,0.001,0.003,0.003,0.513,0.276,0.211,0.188,0.360,0.452,
2025-11-06T19:14:05,1899.411,606.095,166.789,0.003,0.006,0.003,0.711,0.227,0.062,0.250,0.513,0.237,
2025-11-06T19:14:06,7024.191,3544.474,354.867,0.016,0.021,0.005,0.643,0.324,0.032,0.385,0.508,0.107,
2025-11-06T19:14:07,358.093,155.603,145.207,0.001,0.003,0.002,0.543,0.236,0.220,0.213,0.478,0.309,
2025-11-06T19:14:08,4518.652,1775.202,99.181,0.014,0.010,0.003,0.707,0.278,0.016,0.505,0.376,0.118,
2025-11-06T19:14:09,9728.618,4168.830,248.928,0.006,0.011,0.003,0.688,0.295,0.018,0.305,0.549,0.146,
2025-11-06T19:14:10,6871.636,1412.179,185.242,0.011,0.005,0.002,0.811,0.167,0.022,0.628,0.270,0.102,
2025-11-06T19:14:11,228.806,368.205,164.816,0.001,0.002,0.004,0.300,0.483,0.216,0.158,0.235,0.607,
2025-11-06T19:14:12,678.798,298.555,117.106,0.000,0.002,0.002,0.620,0.273,0.107,0.091,0.411,0.498,
2025-11-06T19:14:13,1320.127,361.676,136.619,0.004,0.003,0.002,0.726,0.199,0.075,0.471,0.278,0.251,
2025-11-06T19:14:14,1693.960,385.840,164.674,0.003,0.003,0.002,0.755,0.172,0.073,0.377,0.375,0.249,
2025-11-06T19:14:15,16366.850,2140.476,240.176,0.022,0.019,0.005,0.873,0.114,0.013,0.464,0.418,0.117,
2025-11-06T19:14:16,175.175,150.042,185.006,0.001,0.002,0.003,0.343,0.294,0.363,0.200,0.358,0.442,
2025-11-06T19:14:17,431.725,193.228,111.267,0.001,0.002,0.002,0.586,0.262,0.151,0.176,0.434,0.390,
2025-11-06T19:14:18,134.408,175.432,90.541,0.001,0.003,0.002,0.336,0.438,0.226,0.199,0.438,0.363,
2025-11-06T19:14:19,190.522,226.262,115.226,0.001,0.002,0.002,0.358,0.425,0.217,0.156,0.456,0.389,
2025-11-06T19:14:20,338.588,145.525,139.956,0.001,0.002,0.002,0.543,0.233,0.224,0.171,0.416,0.413,
2025-11-06T19:14:21,130.772,290.117,139.545,0.001,0.002,0.003,0.233,0.518,0.249,0.135,0.330,0.535,
2025-11-06T19:14:22,417.557,197.939,194.716,0.003,0.002,0.003,0.515,0.244,0.240,0.358,0.269,0.373,
2025-11-06T19:14:23,468.137,526.506,146.351,0.002,0.003,0.002,0.410,0.461,0.128,0.342,0.406,0.252,
2025-11-06T19:14:24,321.174,331.269,124.841,0.001,0.002,0.003,0.413,0.426,0.161,0.159,0.290,0.550,
2025-11-06T19:14:25,159.929,97.659,153.068,0.001,0.002,0.003,0.389,0.238,0.373,0.197,0.288,0.515,
2025-11-06T19:14:26,282.474,167.950,174.868,0.001,0.002,0.003,0.452,0.269,0.280,0.148,0.331,0.521,
2025-11-06T19:14:27,1379.380,4586.990,1502.271,0.002,0.023,0.019,0.185,0.614,0.201,0.051,0.528,0.421,
2025-11-06T19:14:28,698.362,432.948,103.425,0.001,0.005,0.005,0.566,0.351,0.084,0.084,0.463,0.453,
2025-11-06T19:14:29,4343.591,901.432,190.387,0.010,0.007,0.009,0.799,0.166,0.035,0.393,0.267,0.340,
2025-11-06T19:14:30,17559.868,3531.787,353.804,0.016,0.011,0.004,0.819,0.165,0.016,0.519,0.345,0.136,
2025-11-06T19:14:31,7494.275,4959.590,495.890,0.008,0.011,0.005,0.579,0.383,0.038,0.325,0.466,0.209,
2025-11-06T19:14:32,18677.869,4161.941,200.645,0.021,0.012,0.005,0.811,0.181,0.009,0.557,0.321,0.121,
2025-11-06T19:14:33,10140.753,1634.219,298.159,0.040,0.034,0.010,0.840,0.135,0.025,0.483,0.402,0.115,
2025-11-06T19:14:34,9519.716,842.972,71.747,0.007,0.002,0.002,0.912,0.081,0.007,0.662,0.198,0.139,
2025-11-06T19:14:35,876.417,955.464,121.053,0.002,0.003,0.003,0.449,0.489,0.062,0.263,0.383,0.354,
2025-11-06T19:14:36,1308.335,677.620,133.474,0.001,0.003,0.002,0.617,0.320,0.063,0.183,0.517,0.299,
2025-11-06T19:14:37,2006.765,956.770,314.930,0.003,0.005,0.005,0.612,0.292,0.096,0.236,0.417,0.347,
2025-11-06T19:14:38,377810.082,284519.450,37541.938,5.230,3.677,0.444,0.540,0.407,0.054,0.559,0.393,0.048,
2025-11-06T19:14:39,2413205.901,831676.121,64043.514,4.446,2.072,0.644,0.729,0.251,0.019,0.621,0.289,0.090,
2025-11-06T19:14:40,1968602.862,735133.732,24806.671,3.414,2.412,0.484,0.721,0.269,0.009,0.541,0.382,0.077,
2025-11-06T19:14:41,3123015.647,1541692.453,102634.517,3.224,5.174,1.152,0.655,0.323,0.022,0.338,0.542,0.121,
2025-11-06T19:14:42,108479.103,13751.112,821.421,0.240,0.248,0.016,0.882,0.112,0.007,0.476,0.492,0.033,
2025-11-06T19:14:43,244146.600,153931.395,8562.692,0.502,0.674,0.156,0.600,0.379,0.021,0.377,0.506,0.117,
2025-11-06T19:14:44,2177653.420,297396.669,7956.174,5.772,3.176,0.286,0.877,0.120,0.003,0.625,0.344,0.031,
2025-11-06T19:14:45,40324.043,8352.765,313.657,0.083,0.051,0.011,0.823,0.170,0.006,0.574,0.350,0.076,
2025-11-06T19:14:46,20006.007,3637.564,271.993,0.068,0.028,0.003,0.837,0.152,0.011,0.689,0.283,0.028,
2025-11-06T19:14:47,70774.672,41814.096,552.727,0.186,0.214,0.015,0.626,0.370,0.005,0.449,0.515,0.036,
2025-11-06T19:14:48,58059.401,4124.188,409.755,0.120,0.064,0.011,0.928,0.066,0.007,0.615,0.327,0.058,
2025-11-06T19:14:49,139535.951,25263.008,772.298,0.151,0.132,0.017,0.843,0.153,0.005,0.504,0.440,0.056,
2025-11-06T19:14:50,167422.492,15060.502,570.836,0.560,0.147,0.032,0.915,0.082,0.003,0.758,0.199,0.043,
2025-11-06T19:14:51,57534.650,6387.008,245.398,0.231,0.054,0.005,0.897,0.100,0.004,0.797,0.185,0.017,
2025-11-06T19:14:52,483752.967,21507.575,428.459,0.665,0.104,0.016,0.957,0.043,0.001,0.847,0.133,0.020,
2025-11-06T19:14:53,2526.145,375.331,117.249,0.004,0.003,0.003,0.837,0.124,0.039,0.421,0.309,0.270,
2025-11-06T19:14:54,477237.320,73643.065,13437.753,0.609,0.651,0.220,0.846,0.130,0.024,0.412,0.440,0.149,
2025-11-06T19:14:55,5873439.577,1101083.609,127929.060,13.271,19.593,2.700,0.827,0.155,0.018,0.373,0.551,0.076,
2025-11-06T19:14:56,4985898.773,3774902.950,170118.750,7.848,38.698,16.906,0.558,0.423,0.019,0.124,0.610,0.266,
2025-11-06T19:14:57,24664744.418,8018249.936,653845.844,27.822,27.061,4.505,0.740,0.241,0.020,0.468,0.456,0.076,
2025-11-06T19:14:58,76260.560,19151.900,7268.148,0.103,0.173,0.044,0.743,0.187,0.071,0.322,0.542,0.137,
2025-11-06T19:14:59,3352.061,381.166,139.242,0.005,0.003,0.003,0.866,0.098,0.036,0.446,0.315,0.239,
2025-11-06T19:15:00,1749.195,309.570,109.781,0.003,0.004,0.003,0.807,0.143,0.051,0.277,0.380,0.343,
2025-11-06T19:15:01,944.126,473.115,269.341,0.001,0.004,0.003,0.560,0.281,0.160,0.097,0.487,0.416,
2025-11-06T19:15:02,860.864,494.420,80.307,0.002,0.003,0.003,0.600,0.344,0.056,0.260,0.379,0.361,
2025-11-06T19:15:03,1483.608,394.363,127.963,0.002,0.003,0.003,0.740,0.197,0.064,0.247,0.378,0.375,
2025-11-06T19:15:04,320.111,308.854,181.664,0.001,0.002,0.003,0.395,0.381,0.224,0.192,0.324,0.484,
2025-11-06T19:15:05,471.899,167.653,193.911,0.002,0.002,0.003,0.566,0.201,0.233,0.235,0.309,0.456,
2025-11-06T19:15:06,239.104,259.152,174.382,0.000,0.002,0.002,0.355,0.385,0.259,0.094,0.407,0.498,
2025-11-06T19:15:07,592.882,355.638,110.860,0.001,0.002,0.002,0.560,0.336,0.105,0.110,0.411,0.479,
2025-11-06T19:15:08,405.815,236.458,82.086,0.001,0.002,0.002,0.560,0.326,0.113,0.148,0.388,0.464,
2025-11-06T19:15:09,258.331,140.321,109.060,0.001,0.003,0.004,0.509,0.276,0.215,0.079,0.361,0.560,
2025-11-06T19:15:10,171.698,214.454,147.228,0.001,0.003,0.003,0.322,0.402,0.276,0.135,0.450,0.414,
2025-11-06T19:15:11,162.619,152.187,119.068,0.001,0.003,0.001,0.375,0.351,0.274,0.199,0.505,0.296,
2025-11-06T19:15:12,5100.639,1719.026,516.625,0.003,0.008,0.006,0.695,0.234,0.070,0.177,0.467,0.356,
2025-11-06T19:15:13,2072405.055,656731.656,30750.880,1.995,0.873,0.251,0.751,0.238,0.011,0.640,0.280,0.081,
2025-11-06T19:15:14,1276736.208,138797.768,5034.487,1.035,0.429,0.074,0.899,0.098,0.004,0.673,0.279,0.048,
2025-11-06T19:15:15,2515780.471,477607.722,6442.096,2.439,1.504,0.062,0.839,0.159,0.002,0.609,0.376,0.016,
2025-11-06T19:15:16,9895.523,1727.958,415.598,0.064,0.024,0.011,0.822,0.144,0.035,0.647,0.243,0.110,
2025-11-06T19:15:17,4054.512,286.914,142.300,0.006,0.006,0.002,0.904,0.064,0.032,0.456,0.388,0.156,
2025-11-06T19:15:18,4278.669,1429.571,328.809,0.005,0.005,0.003,0.709,0.237,0.054,0.352,0.396,0.252,
2025-11-06T19:15:19,19107.992,556.679,171.792,0.021,0.004,0.002,0.963,0.028,0.009,0.788,0.136,0.076,
2025-11-06T19:15:20,14360.531,1092.075,138.896,0.014,0.005,0.003,0.921,0.070,0.009,0.630,0.234,0.135,
2025-11-06T19:15:21,395970.903,145271.427,10162.751,0.579,0.339,0.108,0.718,0.263,0.018,0.565,0.330,0.105,
2025-11-06T19:15:22,8893355.860,2530863.947,17905.659,10.049,6.969,0.308,0.777,0.221,0.002,0.580,0.402,0.018,
2025-11-06T19:15:23,21386029.271,4959280.079,350776.213,20.927,14.529,4.782,0.801,0.186,0.013,0.520,0.361,0.119,
2025-11-06T19:15:24,39808.293,18957.161,507.422,0.052,0.070,0.011,0.672,0.320,0.009,0.387,0.528,0.085,
2025-11-06T19:15:25,380.220,239.117,166.590,0.003,0.001,0.002,0.484,0.304,0.212,0.480,0.212,0.309,
2025-11-06T19:15:26,444.317,1402.654,22175.254,0.006,0.062,0.799,0.018,0.058,0.923,0.007,0.072,0.922,
2025-11-06T19:15:27,215.092,180.124,106.075,0.002,0.002,0.004,0.429,0.359,0.212,0.207,0.256,0.536,
2025-11-06T19:15:28,198.310,239.279,182.336,0.001,0.003,0.003,0.320,0.386,0.294,0.139,0.375,0.486,
2025-11-06T19:15:29,122.631,236.833,108.016,0.001,0.002,0.003,0.262,0.507,0.231,0.136,0.355,0.508,
2025-11-06T19:15:30,305.938,138.018,173.894,0.003,0.002,0.002,0.495,0.223,0.281,0.445,0.300,0.255,
2025-11-06T19:15:31,105.516,169.359,91.224,0.002,0.002,0.002,0.288,0.463,0.249,0.314,0.360,0.326,
2025-11-06T19:15:32,245.194,149.720,109.439,0.002,0.002,0.002,0.486,0.297,0.217,0.333,0.331,0.336,
2025-11-06T19:15:33,2119.881,553.465,286.384,0.002,0.004,0.004,0.716,0.187,0.097,0.229,0.382,0.389,
2025-11-06T19:15:34,674697.014,125407.840,3534.591,0.764,0.337,0.059,0.840,0.156,0.004,0.659,0.291,0.050,
2025-11-06T19:15:35,326489.393,54212.784,6209.614,0.322,0.194,0.077,0.844,0.140,0.016,0.543,0.327,0.130,
2025-11-06T19:15:37,849.244,359.702,141.639,0.002,0.005,0.003,0.629,0.266,0.105,0.234,0.458,0.308,
2025-11-06T19:15:38,1685.472,1216.244,872.786,0.005,0.008,0.016,0.447,0.322,0.231,0.158,0.283,0.559,
2025-11-06T19:15:39,1443.085,425.626,101.802,0.002,0.006,0.004,0.732,0.216,0.052,0.165,0.523,0.312,
2025-11-06T19:15:40,1027.948,221.589,255.084,0.013,0.014,0.007,0.683,0.147,0.170,0.380,0.413,0.206,
2025-11-06T19:15:41,13299.877,8855.647,1405.160,0.137,0.219,0.063,0.564,0.376,0.060,0.326,0.524,0.151,
2025-11-06T19:15:42,247101.854,73101.910,6779.120,1.933,2.086,0.686,0.756,0.224,0.021,0.411,0.443,0.146,
2025-11-06T19:15:43,305278.371,49314.996,1873.601,2.195,0.511,0.102,0.856,0.138,0.005,0.782,0.182,0.036,
2025-11-06T19:15:44,16534.156,1876.679,157.424,0.029,0.014,0.009,0.890,0.101,0.008,0.558,0.270,0.172,
2025-11-06T19:15:45,17947.975,2505.640,213.503,0.044,0.129,0.013,0.868,0.121,0.010,0.239,0.692,0.068,
2025-11-06T19:15:46,58129.924,29526.841,1106.737,0.674,0.931,0.069,0.655,0.333,0.012,0.402,0.556,0.041,
2025-11-06T19:15:47,292622.458,98343.793,6140.337,2.193,2.703,0.698,0.737,0.248,0.015,0.392,0.483,0.125,
2025-11-06T19:15:48,319614.478,37286.063,6879.492,2.588,1.162,0.843,0.879,0.102,0.019,0.563,0.253,0.184,
2025-11-06T19:15:49,309453.333,118169.298,4756.894,4.409,4.016,0.493,0.716,0.273,0.011,0.494,0.450,0.055,
2025-11-06T19:15:50,36910.425,7170.330,433.161,0.328,0.170,0.031,0.829,0.161,0.010,0.621,0.321,0.058,
2025-11-06T19:15:51,96956.041,43851.522,1939.844,0.850,1.393,0.222,0.679,0.307,0.014,0.345,0.565,0.090,
2025-11-06T19:15:52,3235.944,434.271,167.268,0.018,0.006,0.004,0.843,0.113,0.044,0.647,0.225,0.128,
2025-11-06T19:15:53,57115.933,23677.926,1069.725,0.541,0.534,0.047,0.698,0.289,0.013,0.482,0.476,0.042,
2025-11-06T19:15:54,3079801.446,948809.939,75289.699,5.556,4.556,1.921,0.750,0.231,0.018,0.462,0.379,0.160,
2025-11-06T19:15:55,1084949.560,532103.399,27239.030,1.167,2.228,0.733,0.660,0.324,0.017,0.283,0.540,0.178,
2025-11-06T19:15:56,54725.797,69974.356,2654.276,1.532,0.841,0.252,0.430,0.549,0.021,0.584,0.320,0.096,
2025-11-06T19:15:57,67489.930,19574.513,1620.303,0.096,0.078,0.034,0.761,0.221,0.018,0.464,0.373,0.163,
2025-11-06T19:15:58,5744.954,2061.911,212.867,0.010,0.011,0.004,0.716,0.257,0.027,0.391,0.436,0.173,
2025-11-06T19:15:59,670.224,786.934,229.067,0.003,0.007,0.007,0.397,0.467,0.136,0.193,0.392,0.415,
2025-11-06T19:16:00,102355.208,16723.830,5779.323,1.483,0.387,0.275,0.820,0.134,0.046,0.691,0.181,0.128,
2025-11-06T19:16:01,210537.747,39484.694,2797.811,0.680,1.076,0.220,0.833,0.156,0.011,0.344,0.545,0.111,
2025-11-06T19:16:02,100916.878,27123.626,999.611,0.811,0.271,0.048,0.782,0.210,0.008,0.717,0.240,0.043,
2025-11-06T19:16:03,5831.187,6608.353,587.493,0.014,0.027,0.011,0.448,0.507,0.045,0.264,0.531,0.206,
2025-11-06T19:16:04,5965.673,1953.669,283.612,0.007,0.031,0.005,0.727,0.238,0.035,0.166,0.715,0.118,
2025-11-06T19:16:05,4903.264,956.427,185.821,0.006,0.008,0.003,0.811,0.158,0.031,0.362,0.464,0.175,
2025-11-06T19:16:06,1891.110,438.474,149.973,0.002,0.005,0.004,0.763,0.177,0.060,0.204,0.464,0.332,
2025-11-06T19:16:07,10590.418,4838.602,198.932,0.058,0.051,0.005,0.678,0.310,0.013,0.506,0.446,0.048,
2025-11-06T19:16:08,3576.400,1193.550,178.099,0.011,0.008,0.006,0.723,0.241,0.036,0.456,0.308,0.236,
2025-11-06T19:16:09,1809382.251,606985.419,41621.841,2.830,2.654,0.552,0.736,0.247,0.017,0.469,0.440,0.091,EVENT_4
2025-11-06T19:16:10,1864378.235,678368.569,44246.357,4.209,6.210,1.045,0.721,0.262,0.017,0.367,0.542,0.091,
2025-11-06T19:16:11,58173.492,73902.429,4893.157,0.512,1.492,0.411,0.425,0.540,0.036,0.212,0.618,0.170,
2025-11-06T19:16:12,4368.840,3298.310,252.669,0.016,0.038,0.005,0.552,0.416,0.032,0.275,0.640,0.085,
2025-11-06T19:16:13,43609.975,23116.295,1484.446,0.560,0.610,0.225,0.639,0.339,0.022,0.402,0.437,0.161,
2025-11-06T19:16:14,590772.767,228762.791,3659.704,0.363,0.731,0.167,0.718,0.278,0.004,0.288,0.580,0.132,
2025-11-06T19:16:15,5216.791,3326.302,330.250,0.011,0.020,0.009,0.588,0.375,0.037,0.286,0.492,0.222,
2025-11-06T19:16:16,148296.969,60772.594,3635.415,0.394,1.250,0.355,0.697,0.286,0.017,0.197,0.625,0.178,
2025-11-06T19:16:17,114218.733,35451.595,1011.508,0.999,0.721,0.092,0.758,0.235,0.007,0.551,0.398,0.051,
2025-11-06T19:16:18,897374.527,623293.459,42039.366,3.065,4.269,1.175,0.574,0.399,0.027,0.360,0.502,0.138,
2025-11-06T19:16:19,79266.764,12912.241,8332.597,0.243,0.297,0.036,0.789,0.128,0.083,0.422,0.516,0.062,
2025-11-06T19:16:20,75672.877,38723.957,13265.040,0.692,0.491,0.271,0.593,0.303,0.104,0.476,0.337,0.187,
2025-11-06T19:16:21,73225.827,8185.606,1279.789,0.184,0.061,0.025,0.886,0.099,0.015,0.681,0.227,0.093,
2025-11-06T19:16:22,1287.678,877.402,234.991,0.005,0.007,0.009,0.537,0.366,0.098,0.245,0.334,0.421,
2025-11-06T19:16:23,1313.213,471.772,171.585,0.007,0.003,0.006,0.671,0.241,0.088,0.445,0.190,0.364,
2025-11-06T19:16:24,3777.281,3785.851,194.932,0.005,0.022,0.005,0.487,0.488,0.025,0.166,0.679,0.156,
2025-11-06T19:16:25,902.604,231.267,116.997,0.005,0.006,0.004,0.722,0.185,0.094,0.365,0.387,0.248,
2025-11-06T19:16:26,832.498,290.649,121.700,0.006,0.003,0.003,0.669,0.233,0.098,0.484,0.269,0.247,
2025-11-06T19:16:27,757.658,466.686,364.653,0.001,0.006,0.006,0.477,0.294,0.229,0.106,0.442,0.452,
2025-11-06T19:16:28,1538.340,495.605,170.113,0.002,0.004,0.002,0.698,0.225,0.077,0.293,0.483,0.224,
2025-11-06T19:16:29,15201.121,8807.046,188.663,0.013,0.034,0.004,0.628,0.364,0.008,0.248,0.678,0.073,
2025-11-06T19:16:30,434.941,1246.768,193.574,0.005,0.004,0.003,0.232,0.665,0.103,0.389,0.340,0.271,
2025-11-06T19:16:31,242992.943,118667.942,6195.946,0.490,0.975,0.214,0.661,0.323,0.017,0.292,0.581,0.127,
2025-11-06T19:16:32,17082.951,5579.533,2275.335,0.030,0.080,0.044,0.685,0.224,0.091,0.197,0.519,0.284,
2025-11-06T19:16:33,10235.413,3799.282,378.388,0.052,0.043,0.009,0.710,0.264,0.026,0.499,0.416,0.085,
2025-11-06T19:16:34,6573.041,1291.317,174.200,0.034,0.024,0.006,0.818,0.161,0.022,0.530,0.379,0.092,
2025-11-06T19:16:35,2747.742,713.473,111.451,0.004,0.007,0.004,0.769,0.200,0.031,0.249,0.472,0.279,
2025-11-06T19:16:36,9154.211,1028.790,191.904,0.035,0.020,0.006,0.882,0.099,0.018,0.584,0.323,0.092,
2025-11-06T19:16:37,3289.484,435.512,122.806,0.009,0.005,0.004,0.855,0.113,0.032,0.500,0.272,0.227,
2025-11-06T19:16:38,685.881,326.799,116.821,0.004,0.002,0.002,0.607,0.289,0.103,0.501,0.257,0.242,
2025-11-06T19:16:39,1374.331,203.188,237.010,0.007,0.003,0.003,0.757,0.112,0.131,0.529,0.242,0.228,
2025-11-06T19:16:40,2691.381,383.758,199.900,0.004,0.006,0.006,0.822,0.117,0.061,0.236,0.379,0.385,
2025-11-06T19:16:41,16407.726,3395.673,348.309,0.036,0.022,0.009,0.814,0.169,0.017,0.539,0.323,0.138,
2025-11-06T19:16:42,2420022.579,425877.286,72201.214,12.088,5.309,2.756,0.829,0.146,0.025,0.600,0.263,0.137,
2025-11-06T19:16:43,139293.955,21334.896,10367.698,0.343,0.087,0.116,0.815,0.125,0.061,0.629,0.160,0.212,
2025-11-06T19:16:44,11843956.187,7898875.246,267484.062,88.254,120.508,10.305,0.592,0.395,0.013,0.403,0.550,0.047,
2025-11-06T19:16:45,4637484.453,926249.133,12660.892,17.333,26.441,0.883,0.832,0.166,0.002,0.388,0.592,0.020,
2025-11-06T19:16:46,17895.899,2994.898,438.888,0.029,0.016,0.014,0.839,0.140,0.021,0.486,0.274,0.240,
2025-11-06T19:16:47,1320271.211,2717225.989,283760.804,68.590,113.837,37.328,0.306,0.629,0.066,0.312,0.518,0.170,
2025-11-06T19:16:48,26740872.997,7842463.513,303967.882,119.506,93.473,15.270,0.766,0.225,0.009,0.524,0.410,0.067,
2025-11-06T19:16:49,126771521.575,22658782.894,1294344.107,317.718,430.046,129.496,0.841,0.150,0.009,0.362,0.490,0.148,
2025-11-06T19:16:50,10378372.763,5125597.411,386524.472,25.926,64.619,23.870,0.653,0.323,0.024,0.227,0.565,0.209,
2025-11-06T19:16:51,994133.251,215188.921,18846.171,1.703,1.022,0.110,0.809,0.175,0.015,0.601,0.360,0.039,
2025-11-06T19:16:52,49542.684,19356.557,782.887,0.061,0.100,0.023,0.711,0.278,0.011,0.332,0.544,0.125,
2025-11-06T19:16:53,117023.421,8816.269,415.103,0.456,0.125,0.037,0.927,0.070,0.003,0.738,0.203,0.059,
2025-11-06T19:16:54,2182518.392,931124.173,97482.834,9.646,14.960,0.647,0.680,0.290,0.030,0.382,0.592,0.026,
2025-11-06T19:16:55,19010016.308,4211507.379,355862.762,249.437,106.463,15.034,0.806,0.179,0.015,0.672,0.287,0.041,
2025-11-06T19:16:56,168943.803,49398.055,18101.321,0.755,0.769,0.196,0.715,0.209,0.077,0.439,0.447,0.114,
2025-11-06T19:16:57,7526346.092,5995174.322,403909.764,68.297,77.317,18.421,0.540,0.431,0.029,0.416,0.471,0.112,
2025-11-06T19:16:58,10080856.757,8307140.403,171542.368,52.112,119.036,16.862,0.543,0.448,0.009,0.277,0.633,0.090,
2025-11-06T19:16:59,1475196.563,255355.451,11103.852,9.045,3.568,0.502,0.847,0.147,0.006,0.690,0.272,0.038,
2025-11-06T19:17:00,277108.258,51372.828,1668.384,1.909,1.128,0.121,0.839,0.156,0.005,0.604,0.357,0.038,
2025-11-06T19:17:01,12199706.889,8584258.088,230957.153,44.106,140.247,19.336,0.581,0.408,0.011,0.217,0.689,0.095,
2025-11-06T19:17:02,11522687.837,3978733.686,318672.345,156.668,98.231,16.270,0.728,0.251,0.020,0.578,0.362,0.060,
2025-11-06T19:17:03,2298140.726,715013.576,106441.058,17.941,22.207,3.714,0.737,0.229,0.034,0.409,0.506,0.085,
2025-11-06T19:17:04,19557720.153,12054504.272,684690.939,104.741,83.956,6.697,0.606,0.373,0.021,0.536,0.430,0.034,
2025-11-06T19:17:05,4282481.832,1221240.603,46432.093,15.891,7.210,3.343,0.772,0.220,0.008,0.601,0.273,0.126,
2025-11-06T19:17:06,203220.601,92448.365,2686.671,1.940,2.585,0.307,0.681,0.310,0.009,0.401,0.535,0.064,
2025-11-06T19:17:07,522972.792,202254.280,103231.609,8.383,8.672,1.751,0.631,0.244,0.125,0.446,0.461,0.093,
2025-11-06T19:17:08,4684.181,813.869,147.390,0.028,0.022,0.004,0.830,0.144,0.026,0.518,0.405,0.076,
2025-11-06T19:17:09,14278.575,7055.016,395.811,0.189,0.162,0.013,0.657,0.325,0.018,0.520,0.444,0.036,
2025-11-06T19:17:10,8190.528,2204.704,198.164,0.107,0.032,0.005,0.773,0.208,0.019,0.746,0.219,0.035,
2025-11-06T19:17:11,185568.862,38105.087,617.845,1.370,0.671,0.127,0.827,0.170,0.003,0.632,0.309,0.059,
2025-11-06T19:17:12,10181.478,2008.552,490.603,0.142,0.057,0.034,0.803,0.158,0.039,0.611,0.244,0.145,
2025-11-06T19:17:13,33953.967,3754.884,617.404,0.413,0.077,0.057,0.886,0.098,0.016,0.755,0.140,0.105,
2025-11-06T19:17:14,340100.931,59458.860,18336.315,1.250,0.671,0.209,0.814,0.142,0.044,0.587,0.315,0.098,
2025-11-06T19:17:15,18701.437,4183.714,589.896,0.107,0.085,0.021,0.797,0.178,0.025,0.503,0.400,0.098,
2025-11-06T19:17:16,83394.570,18675.625,947.469,0.533,0.428,0.061,0.810,0.181,0.009,0.522,0.419,0.060,
2025-11-06T19:17:17,45418.010,10103.324,378.345,0.304,0.139,0.029,0.812,0.181,0.007,0.644,0.295,0.061,
2025-11-06T19:17:18,10785.883,3445.400,127.976,0.017,0.018,0.009,0.751,0.240,0.009,0.383,0.411,0.206,
2025-11-06T19:17:19,12131.080,622.121,159.280,0.008,0.005,0.004,0.939,0.048,0.012,0.481,0.299,0.220,
2025-11-06T19:17:20,22926.613,13829.069,2436.288,0.088,0.114,0.104,0.585,0.353,0.062,0.288,0.372,0.340,
2025-11-06T19:17:21,22923.659,7127.706,123.558,0.127,0.037,0.010,0.760,0.236,0.004,0.727,0.214,0.059,
2025-11-06T19:17:22,134434.233,18240.744,668.219,1.007,0.275,0.025,0.877,0.119,0.004,0.771,0.211,0.019,
2025-11-06T19:17:23,382215.758,135369.123,41038.002,1.463,1.816,1.494,0.684,0.242,0.073,0.307,0.380,0.313,
2025-11-06T19:17:24,15490291.469,5358454.230,649185.906,45.459,53.804,22.823,0.721,0.249,0.030,0.372,0.441,0.187,
2025-11-06T19:17:25,686617.565,223457.769,23399.071,2.033,0.922,0.217,0.736,0.239,0.025,0.641,0.291,0.068,
2025-11-06T19:17:26,3523431.142,1916273.478,198166.908,11.915,18.400,6.459,0.625,0.340,0.035,0.324,0.500,0.176,
2025-11-06T19:17:27,7007.070,1344.860,155.020,0.045,0.021,0.006,0.824,0.158,0.018,0.618,0.298,0.084,
2025-11-06T19:17:28,370.386,402.708,118.869,0.003,0.003,0.004,0.415,0.451,0.133,0.300,0.316,0.383,
2025-11-06T19:17:29,890.418,231.806,101.328,0.002,0.002,0.003,0.728,0.189,0.083,0.321,0.285,0.394,
2025-11-06T19:17:30,5508.468,846.578,117.299,0.027,0.021,0.007,0.851,0.131,0.018,0.493,0.380,0.127,
2025-11-06T19:17:31,18867.178,5608.554,383.072,0.098,0.061,0.021,0.759,0.226,0.015,0.544,0.339,0.116,
2025-11-06T19:17:32,46362.909,8384.297,413.570,0.122,0.100,0.035,0.841,0.152,0.007,0.474,0.389,0.136,
2025-11-06T19:17:33,288517.010,241240.598,40245.521,1.070,2.329,1.702,0.506,0.423,0.071,0.210,0.456,0.334,
2025-11-06T19:17:34,553491.085,131077.484,4681.943,1.692,1.747,0.322,0.803,0.190,0.007,0.450,0.465,0.086,
2025-11-06T19:17:35,2679023.050,152520.035,21191.012,6.130,2.636,0.752,0.939,0.053,0.007,0.644,0.277,0.079,
2025-11-06T19:17:36,4594595.363,1587178.971,153256.198,26.295,15.441,3.554,0.725,0.251,0.024,0.581,0.341,0.078,
2025-11-06T19:17:37,608959.971,155207.015,11560.040,1.273,1.802,1.343,0.785,0.200,0.015,0.288,0.408,0.304,
2025-11-06T19:17:38,31978.843,3960.242,428.106,0.100,0.033,0.014,0.879,0.109,0.012,0.676,0.227,0.097,
2025-11-06T19:17:39,4487.558,1195.458,120.309,0.006,0.008,0.004,0.773,0.206,0.021,0.332,0.451,0.217,
2025-11-06T19:17:40,386.282,379.865,154.680,0.001,0.003,0.003,0.419,0.413,0.168,0.154,0.371,0.475,
2025-11-06T19:17:41,2881.873,340.050,115.011,0.007,0.004,0.003,0.864,0.102,0.034,0.528,0.266,0.205,
2025-11-06T19:17:42,293.072,415.846,116.209,0.001,0.003,0.002,0.355,0.504,0.141,0.165,0.540,0.295,
2025-11-06T19:17:43,728.138,249.636,103.154,0.002,0.003,0.003,0.674,0.231,0.095,0.282,0.385,0.333,
2025-11-06T19:17:44,911.415,240.367,145.621,0.002,0.002,0.003,0.702,0.185,0.112,0.298,0.302,0.400,
2025-11-06T19:17:45,7972.199,1587.868,180.717,0.014,0.004,0.006,0.818,0.163,0.019,0.568,0.169,0.263,
2025-11-06T19:17:46,744.632,203.984,138.119,0.002,0.002,0.003,0.685,0.188,0.127,0.306,0.300,0.394,
2025-11-06T19:17:47,550.463,292.354,142.518,0.003,0.004,0.003,0.559,0.297,0.145,0.287,0.432,0.281,
2025-11-06T19:17:48,487.364,173.987,81.906,0.002,0.003,0.003,0.656,0.234,0.110,0.230,0.422,0.347,
2025-11-06T19:17:49,216.288,180.900,159.327,0.001,0.002,0.003,0.389,0.325,0.286,0.199,0.360,0.441,
2025-11-06T19:17:50,259.172,136.751,132.659,0.000,0.002,0.003,0.490,0.259,0.251,0.045,0.421,0.534,
2025-11-06T19:17:51,1032.601,315.863,170.236,0.003,0.003,0.002,0.680,0.208,0.112,0.346,0.371,0.283,
2025-11-06T19:17:52,282591.880,217088.841,12618.301,0.746,1.735,0.376,0.552,0.424,0.025,0.261,0.607,0.132,
2025-11-06T19:17:53,3491188.933,2043927.541,146829.705,7.860,16.633,3.549,0.614,0.360,0.026,0.280,0.593,0.127,
2025-11-06T19:17:54,271497.326,55978.246,26571.765,0.955,1.327,0.401,0.767,0.158,0.075,0.356,0.495,0.149,
2025-11-06T19:17:55,632458.281,113354.018,25467.332,1.124,1.016,0.539,0.820,0.147,0.033,0.419,0.379,0.201,
2025-11-06T19:17:56,61590.470,9284.515,790.780,0.149,0.063,0.022,0.859,0.130,0.011,0.637,0.270,0.093,
2025-11-06T19:17:57,678286.149,255368.376,19014.163,1.653,1.643,0.533,0.712,0.268,0.020,0.432,0.429,0.139,
2025-11-06T19:17:58,12117417.760,5247730.718,512201.092,32.000,84.318,40.355,0.678,0.294,0.029,0.204,0.538,0.258,
2025-11-06T19:17:59,18363385.512,4185916.995,188038.032,151.959,225.986,73.026,0.808,0.184,0.008,0.337,0.501,0.162,
2025-11-06T19:18:00,186124978.999,46171361.764,1969360.192,772.357,364.376,131.088,0.795,0.197,0.008,0.609,0.287,0.103,
2025-11-06T19:18:01,296190.990,45200.933,3010.145,1.768,0.425,0.103,0.860,0.131,0.009,0.770,0.185,0.045,
2025-11-06T19:18:02,622464.214,34360.463,4176.581,1.584,0.391,0.173,0.942,0.052,0.006,0.737,0.182,0.081,
2025-11-06T19:18:03,2309.017,588.194,170.497,0.006,0.004,0.003,0.753,0.192,0.056,0.468,0.327,0.205,
2025-11-06T19:18:04,30855.809,9544.026,397.469,0.138,0.119,0.051,0.756,0.234,0.010,0.449,0.386,0.166,
2025-11-06T19:18:05,2154.477,601.459,144.276,0.006,0.007,0.005,0.743,0.207,0.050,0.349,0.394,0.257,
2025-11-06T19:18:06,1618.651,387.064,136.828,0.003,0.006,0.003,0.755,0.181,0.064,0.245,0.483,0.272,
2025-11-06T19:18:07,2090784.990,1279266.197,36669.139,4.564,7.336,0.858,0.614,0.376,0.011,0.358,0.575,0.067,
2025-11-06T19:18:08,65996.760,32992.187,924.478,0.089,0.194,0.015,0.661,0.330,0.009,0.299,0.651,0.051,
2025-11-06T19:18:09,171232.793,58957.642,6334.365,0.400,0.425,0.169,0.724,0.249,0.027,0.402,0.428,0.170,
2025-11-06T19:18:10,52908.364,20960.859,351.444,0.088,0.118,0.012,0.713,0.282,0.005,0.405,0.541,0.054,
2025-11-06T19:18:11,1174.094,399.518,123.379,0.007,0.006,0.006,0.692,0.235,0.073,0.364,0.301,0.335,
2025-11-06T19:18:12,184.654,205.291,170.342,0.002,0.003,0.004,0.330,0.366,0.304,0.231,0.366,0.403,
2025-11-06T19:18:13,342.883,146.134,132.833,0.000,0.002,0.003,0.551,0.235,0.214,0.080,0.395,0.525,
2025-11-06T19:18:14,280.234,173.705,160.005,0.001,0.002,0.003,0.456,0.283,0.261,0.133,0.386,0.481,
2025-11-06T19:18:15,91.396,136.970,208.997,0.001,0.004,0.004,0.209,0.313,0.478,0.137,0.431,0.432,
2025-11-06T19:18:16,457.470,331.680,152.837,0.001,0.003,0.004,0.486,0.352,0.162,0.089,0.377,0.535,
2025-11-06T19:18:17,147.990,265.686,142.888,0.000,0.002,0.002,0.266,0.477,0.257,0.082,0.476,0.442,
2025-11-06T19:18:18,324.277,249.400,177.112,0.001,0.002,0.003,0.432,0.332,0.236,0.206,0.327,0.467,
2025-11-06T19:18:19,173.071,156.321,159.496,0.001,0.002,0.002,0.354,0.320,0.326,0.151,0.426,0.423,
2025-11-06T19:18:20,140.239,183.120,90.420,0.001,0.002,0.003,0.339,0.443,0.219,0.170,0.299,0.532,
2025-11-06T19:18:21,156.995,204.271,105.000,0.001,0.002,0.003,0.337,0.438,0.225,0.110,0.336,0.554,
2025-11-06T19:18:22,4796.133,5503.788,130.546,0.019,0.027,0.006,0.460,0.528,0.013,0.361,0.517,0.122,
2025-11-06T19:18:23,84927.714,7891.012,425.639,0.355,0.241,0.015,0.911,0.085,0.005,0.580,0.395,0.024,
2025-11-06T19:18:24,2590263.948,3293344.838,59240.087,7.659,20.783,1.684,0.436,0.554,0.010,0.254,0.690,0.056,
2025-11-06T19:18:25,981011.494,175045.010,25296.969,2.294,1.762,0.807,0.830,0.148,0.021,0.472,0.362,0.166,
2025-11-06T19:18:26,1038809.207,474341.433,22783.935,2.044,2.872,0.465,0.676,0.309,0.015,0.380,0.534,0.086,
2025-11-06T19:18:27,14601.902,6137.794,401.874,0.061,0.079,0.012,0.691,0.290,0.019,0.401,0.519,0.080,
2025-11-06T19:18:28,3514.812,2054.187,134.382,0.048,0.020,0.006,0.616,0.360,0.024,0.654,0.269,0.077,
2025-11-06T19:18:30,494.777,723.057,175.717,0.001,0.005,0.003,0.355,0.519,0.126,0.119,0.536,0.345,
2025-11-06T19:18:31,129.718,288.338,131.348,0.001,0.003,0.002,0.236,0.525,0.239,0.230,0.469,0.302,
2025-11-06T19:18:32,298.014,171.052,153.121,0.001,0.005,0.003,0.479,0.275,0.246,0.128,0.517,0.355,
2025-11-06T19:18:33,244.545,210.106,115.976,0.001,0.005,0.002,0.429,0.368,0.203,0.169,0.604,0.228,
2025-11-06T19:18:34,414.725,289.267,158.565,0.003,0.002,0.003,0.481,0.335,0.184,0.347,0.267,0.385,
2025-11-06T19:18:35,130.811,105.655,84.035,0.001,0.003,0.002,0.408,0.330,0.262,0.116,0.524,0.359,
2025-11-06T19:18:36,255.310,222.747,160.470,0.001,0.003,0.003,0.400,0.349,0.251,0.192,0.404,0.404,
2025-11-06T19:18:37,310.986,188.657,81.531,0.001,0.004,0.003,0.535,0.325,0.140,0.111,0.524,0.365,
2025-11-06T19:18:38,175.648,165.551,203.359,0.000,0.003,0.002,0.323,0.304,0.373,0.047,0.578,0.375,
2025-11-06T19:18:39,274.552,213.673,155.774,0.001,0.002,0.001,0.426,0.332,0.242,0.317,0.367,0.316,
2025-11-06T19:18:40,140.797,157.210,103.627,0.001,0.002,0.004,0.351,0.391,0.258,0.155,0.317,0.528,
2025-11-06T19:18:41,93.249,250.076,176.308,0.001,0.004,0.003,0.179,0.481,0.339,0.102,0.531,0.367,
2025-11-06T19:18:42,49.618,163.780,192.029,0.001,0.002,0.002,0.122,0.404,0.474,0.132,0.436,0.432,
2025-11-06T19:18:43,185.517,261.748,103.211,0.001,0.002,0.004,0.337,0.475,0.187,0.191,0.281,0.528,
2025-11-06T19:18:44,115.958,255.025,115.495,0.001,0.003,0.003,0.238,0.524,0.237,0.204,0.409,0.386,
2025-11-06T19:18:45,92.757,203.413,106.298,0.001,0.003,0.002,0.230,0.505,0.264,0.170,0.468,0.362,
2025-11-06T19:18:46,140.029,207.545,99.455,0.001,0.004,0.002,0.313,0.464,0.222,0.176,0.539,0.285,
2025-11-06T19:18:47,253.780,231.625,106.578,0.001,0.003,0.003,0.429,0.391,0.180,0.173,0.426,0.401,
2025-11-06T19:18:48,53.717,182.556,162.472,0.001,0.003,0.002,0.135,0.458,0.407,0.165,0.442,0.393,
2025-11-06T19:18:49,213.321,188.588,216.051,0.001,0.002,0.003,0.345,0.305,0.350,0.130,0.373,0.497,
2025-11-06T19:18:50,88.937,233.685,93.554,0.001,0.002,0.003,0.214,0.562,0.225,0.160,0.351,0.489,
2025-11-06T19:18:51,958.499,304.802,100.539,0.033,0.033,0.015,0.703,0.223,0.074,0.412,0.407,0.181,
2025-11-06T19:18:52,26415.198,9119.031,369.798,0.042,0.053,0.023,0.736,0.254,0.010,0.360,0.448,0.192,
2025-11-06T19:18:53,1363.726,565.338,155.924,0.010,0.008,0.004,0.654,0.271,0.075,0.440,0.379,0.181,
2025-11-06T19:18:54,682682.302,184097.793,12329.463,1.492,1.181,0.293,0.777,0.209,0.014,0.503,0.398,0.099,
2025-11-06T19:18:55,358728.771,24845.141,435.381,0.721,0.114,0.016,0.934,0.065,0.001,0.847,0.134,0.019,
2025-11-06T19:18:56,4667.055,1686.815,282.763,0.016,0.015,0.005,0.703,0.254,0.043,0.447,0.422,0.131,
2025-11-06T19:18:57,15698.617,5329.323,859.171,0.094,0.076,0.027,0.717,0.243,0.039,0.477,0.387,0.137,
2025-11-06T19:18:58,2727.495,481.035,115.911,0.008,0.007,0.007,0.820,0.145,0.035,0.357,0.333,0.310,
2025-11-06T19:18:59,7022.581,3253.972,154.001,0.016,0.026,0.005,0.673,0.312,0.015,0.349,0.550,0.100,
2025-11-06T19:19:00,21370.787,2841.837,146.010,0.058,0.018,0.003,0.877,0.117,0.006,0.731,0.225,0.043,
2025-11-06T19:19:01,203.528,228.266,93.287,0.002,0.003,0.002,0.388,0.435,0.178,0.303,0.377,0.321,
2025-11-06T19:19:02,159.950,191.409,102.973,0.003,0.001,0.003,0.352,0.421,0.227,0.444,0.153,0.403,
2025-11-06T19:19:03,1406.532,546.455,159.927,0.006,0.006,0.002,0.666,0.259,0.076,0.408,0.436,0.156,
2025-11-06T19:19:04,14070.533,2516.649,289.047,0.026,0.024,0.010,0.834,0.149,0.017,0.425,0.401,0.174,
2025-11-06T19:19:05,27923.427,32429.924,8934.297,0.096,0.299,0.272,0.403,0.468,0.129,0.143,0.449,0.408,
